{"cameraMode":{"drawMode":0,"name":"Shaded","section":"Shading Mode"},"sceneLighting":false,"audioPlay":false,"sceneViewState":{"m_AlwaysRefresh":false,"showFog":true,"showSkybox":false,"showFlares":true,"showImageEffects":true,"showParticleSystems":true,"showVisualEffectGraphs":true,"m_FxEnabled":true},"in2DMode":false,"pivot":{"x":0.03545379638671875,"y":0.5779352188110352,"z":-0.019256591796875},"rotation":{"x":0.07044419646263123,"y":0.9294414520263672,"z":-0.24824708700180055,"w":0.26374685764312746},"size":70.98497009277344,"orthographic":false}